Peak memory,run time
10030.36328125,256.63692927360535
