Peak memory,run time
3987.6171875,0.7355074882507324
