Peak memory,run time
3989.4921875,0.06204843521118164
