peak memory,run time
4938.640625,1226.2718150615692
