peak memory,run time
4940.19921875,3444.028294801712
