Peak memory,run time
19451.9296875,10.320483922958374
