peak memory,run time
6148.765625,6059.317157268524
