"","Peak_Mem","time"
"1",12573.859375,325.106463193893
