Peak memory,run time
5701.48046875,6751.675758838654
