Peak memory,run time
26972.66796875,68.62234616279602
